,Date,Hour,Unit_Consumption,Time,Full_Date,Day_of_Week_Num,Day_of_Week,Weekend,Holiday,AM_PM,Time_of_Day
0,1,0,100,0:00,2023-04-01,5,Saturday,Y,Y,AM,Late_Night
1,1,1,100,1:00,2023-04-01,5,Saturday,Y,Y,AM,Late_Night
2,1,2,100,2:00,2023-04-01,5,Saturday,Y,Y,AM,Late_Night
3,1,3,50,3:00,2023-04-01,5,Saturday,Y,Y,AM,Late_Night
4,1,4,50,4:00,2023-04-01,5,Saturday,Y,Y,AM,Late_Night
5,1,5,50,5:00,2023-04-01,5,Saturday,Y,Y,AM,Late_Night
6,1,6,50,6:00,2023-04-01,5,Saturday,Y,Y,AM,Morning
7,1,7,50,7:00,2023-04-01,5,Saturday,Y,Y,AM,Morning
8,1,8,150,8:00,2023-04-01,5,Saturday,Y,Y,AM,Morning
9,1,9,50,9:00,2023-04-01,5,Saturday,Y,Y,AM,Morning
10,1,10,200,10:00,2023-04-01,5,Saturday,Y,Y,AM,Morning
11,1,11,300,11:00,2023-04-01,5,Saturday,Y,Y,AM,Morning
12,1,12,150,12:00,2023-04-01,5,Saturday,Y,Y,PM,Afternoon
13,1,13,250,13:00,2023-04-01,5,Saturday,Y,Y,PM,Afternoon
14,1,14,100,14:00,2023-04-01,5,Saturday,Y,Y,PM,Afternoon
15,1,15,250,15:00,2023-04-01,5,Saturday,Y,Y,PM,Afternoon
16,1,16,250,16:00,2023-04-01,5,Saturday,Y,Y,PM,Afternoon
17,1,17,200,17:00,2023-04-01,5,Saturday,Y,Y,PM,Afternoon
18,1,18,150,18:00,2023-04-01,5,Saturday,Y,Y,PM,Night
19,1,19,250,19:00,2023-04-01,5,Saturday,Y,Y,PM,Night
20,1,20,250,20:00,2023-04-01,5,Saturday,Y,Y,PM,Night
21,1,21,200,21:00,2023-04-01,5,Saturday,Y,Y,PM,Night
22,1,22,50,22:00,2023-04-01,5,Saturday,Y,Y,PM,Night
23,1,23,350,23:00,2023-04-01,5,Saturday,Y,Y,PM,Night
24,2,0,100,0:00,2023-04-02,6,Sunday,Y,N,AM,Late_Night
25,2,1,50,1:00,2023-04-02,6,Sunday,Y,N,AM,Late_Night
26,2,2,50,2:00,2023-04-02,6,Sunday,Y,N,AM,Late_Night
27,2,3,50,3:00,2023-04-02,6,Sunday,Y,N,AM,Late_Night
28,2,4,50,4:00,2023-04-02,6,Sunday,Y,N,AM,Late_Night
29,2,5,50,5:00,2023-04-02,6,Sunday,Y,N,AM,Late_Night
30,2,6,0,6:00,2023-04-02,6,Sunday,Y,N,AM,Morning
31,2,7,50,7:00,2023-04-02,6,Sunday,Y,N,AM,Morning
32,2,8,100,8:00,2023-04-02,6,Sunday,Y,N,AM,Morning
33,2,9,50,9:00,2023-04-02,6,Sunday,Y,N,AM,Morning
34,2,10,200,10:00,2023-04-02,6,Sunday,Y,N,AM,Morning
35,2,11,250,11:00,2023-04-02,6,Sunday,Y,N,AM,Morning
36,2,12,100,12:00,2023-04-02,6,Sunday,Y,N,PM,Afternoon
37,2,13,250,13:00,2023-04-02,6,Sunday,Y,N,PM,Afternoon
38,2,14,200,14:00,2023-04-02,6,Sunday,Y,N,PM,Afternoon
39,2,15,150,15:00,2023-04-02,6,Sunday,Y,N,PM,Afternoon
40,2,16,200,16:00,2023-04-02,6,Sunday,Y,N,PM,Afternoon
41,2,17,250,17:00,2023-04-02,6,Sunday,Y,N,PM,Afternoon
42,2,18,150,18:00,2023-04-02,6,Sunday,Y,N,PM,Night
43,2,19,250,19:00,2023-04-02,6,Sunday,Y,N,PM,Night
44,2,20,100,20:00,2023-04-02,6,Sunday,Y,N,PM,Night
45,2,21,200,21:00,2023-04-02,6,Sunday,Y,N,PM,Night
46,2,22,100,22:00,2023-04-02,6,Sunday,Y,N,PM,Night
47,2,23,250,23:00,2023-04-02,6,Sunday,Y,N,PM,Night
48,3,0,50,0:00,2023-04-03,0,Monday,N,N,AM,Late_Night
49,3,1,50,1:00,2023-04-03,0,Monday,N,N,AM,Late_Night
50,3,2,50,2:00,2023-04-03,0,Monday,N,N,AM,Late_Night
51,3,3,50,3:00,2023-04-03,0,Monday,N,N,AM,Late_Night
52,3,4,100,4:00,2023-04-03,0,Monday,N,N,AM,Late_Night
53,3,5,50,5:00,2023-04-03,0,Monday,N,N,AM,Late_Night
54,3,6,50,6:00,2023-04-03,0,Monday,N,N,AM,Morning
55,3,7,100,7:00,2023-04-03,0,Monday,N,N,AM,Morning
56,3,8,100,8:00,2023-04-03,0,Monday,N,N,AM,Morning
57,3,9,200,9:00,2023-04-03,0,Monday,N,N,AM,Morning
58,3,10,200,10:00,2023-04-03,0,Monday,N,N,AM,Morning
59,3,11,150,11:00,2023-04-03,0,Monday,N,N,AM,Morning
60,3,12,250,12:00,2023-04-03,0,Monday,N,N,PM,Afternoon
61,3,13,250,13:00,2023-04-03,0,Monday,N,N,PM,Afternoon
62,3,14,100,14:00,2023-04-03,0,Monday,N,N,PM,Afternoon
63,3,15,100,15:00,2023-04-03,0,Monday,N,N,PM,Afternoon
64,3,16,200,16:00,2023-04-03,0,Monday,N,N,PM,Afternoon
65,3,17,200,17:00,2023-04-03,0,Monday,N,N,PM,Afternoon
66,3,18,200,18:00,2023-04-03,0,Monday,N,N,PM,Night
67,3,19,200,19:00,2023-04-03,0,Monday,N,N,PM,Night
68,3,20,150,20:00,2023-04-03,0,Monday,N,N,PM,Night
69,3,21,100,21:00,2023-04-03,0,Monday,N,N,PM,Night
70,3,22,150,22:00,2023-04-03,0,Monday,N,N,PM,Night
71,3,23,100,23:00,2023-04-03,0,Monday,N,N,PM,Night
72,4,0,50,0:00,2023-04-04,1,Tuesday,N,N,AM,Late_Night
73,4,1,50,1:00,2023-04-04,1,Tuesday,N,N,AM,Late_Night
74,4,2,50,2:00,2023-04-04,1,Tuesday,N,N,AM,Late_Night
75,4,3,50,3:00,2023-04-04,1,Tuesday,N,N,AM,Late_Night
76,4,4,50,4:00,2023-04-04,1,Tuesday,N,N,AM,Late_Night
77,4,5,50,5:00,2023-04-04,1,Tuesday,N,N,AM,Late_Night
78,4,6,50,6:00,2023-04-04,1,Tuesday,N,N,AM,Morning
79,4,7,50,7:00,2023-04-04,1,Tuesday,N,N,AM,Morning
80,4,8,100,8:00,2023-04-04,1,Tuesday,N,N,AM,Morning
81,4,9,150,9:00,2023-04-04,1,Tuesday,N,N,AM,Morning
82,4,10,200,10:00,2023-04-04,1,Tuesday,N,N,AM,Morning
83,4,11,250,11:00,2023-04-04,1,Tuesday,N,N,AM,Morning
84,4,12,300,12:00,2023-04-04,1,Tuesday,N,N,PM,Afternoon
85,4,13,200,13:00,2023-04-04,1,Tuesday,N,N,PM,Afternoon
86,4,14,200,14:00,2023-04-04,1,Tuesday,N,N,PM,Afternoon
87,4,15,150,15:00,2023-04-04,1,Tuesday,N,N,PM,Afternoon
88,4,16,150,16:00,2023-04-04,1,Tuesday,N,N,PM,Afternoon
89,4,17,200,17:00,2023-04-04,1,Tuesday,N,N,PM,Afternoon
90,4,18,250,18:00,2023-04-04,1,Tuesday,N,N,PM,Night
91,4,19,50,19:00,2023-04-04,1,Tuesday,N,N,PM,Night
92,4,20,150,20:00,2023-04-04,1,Tuesday,N,N,PM,Night
93,4,21,250,21:00,2023-04-04,1,Tuesday,N,N,PM,Night
94,4,22,150,22:00,2023-04-04,1,Tuesday,N,N,PM,Night
95,4,23,100,23:00,2023-04-04,1,Tuesday,N,N,PM,Night
96,5,0,200,0:00,2023-04-05,2,Wednesday,N,N,AM,Late_Night
97,5,1,50,1:00,2023-04-05,2,Wednesday,N,N,AM,Late_Night
98,5,2,100,2:00,2023-04-05,2,Wednesday,N,N,AM,Late_Night
99,5,3,50,3:00,2023-04-05,2,Wednesday,N,N,AM,Late_Night
100,5,4,50,4:00,2023-04-05,2,Wednesday,N,N,AM,Late_Night
101,5,5,50,5:00,2023-04-05,2,Wednesday,N,N,AM,Late_Night
102,5,6,50,6:00,2023-04-05,2,Wednesday,N,N,AM,Morning
103,5,7,100,7:00,2023-04-05,2,Wednesday,N,N,AM,Morning
104,5,8,100,8:00,2023-04-05,2,Wednesday,N,N,AM,Morning
105,5,9,200,9:00,2023-04-05,2,Wednesday,N,N,AM,Morning
106,5,10,200,10:00,2023-04-05,2,Wednesday,N,N,AM,Morning
107,5,11,100,11:00,2023-04-05,2,Wednesday,N,N,AM,Morning
108,5,12,150,12:00,2023-04-05,2,Wednesday,N,N,PM,Afternoon
109,5,13,100,13:00,2023-04-05,2,Wednesday,N,N,PM,Afternoon
110,5,14,100,14:00,2023-04-05,2,Wednesday,N,N,PM,Afternoon
111,5,15,150,15:00,2023-04-05,2,Wednesday,N,N,PM,Afternoon
112,5,16,200,16:00,2023-04-05,2,Wednesday,N,N,PM,Afternoon
113,5,17,100,17:00,2023-04-05,2,Wednesday,N,N,PM,Afternoon
114,5,18,250,18:00,2023-04-05,2,Wednesday,N,N,PM,Night
115,5,19,50,19:00,2023-04-05,2,Wednesday,N,N,PM,Night
116,5,20,150,20:00,2023-04-05,2,Wednesday,N,N,PM,Night
117,5,21,150,21:00,2023-04-05,2,Wednesday,N,N,PM,Night
118,5,22,50,22:00,2023-04-05,2,Wednesday,N,N,PM,Night
119,5,23,100,23:00,2023-04-05,2,Wednesday,N,N,PM,Night
120,6,0,50,0:00,2023-04-06,3,Thursday,N,Y,AM,Late_Night
121,6,1,50,1:00,2023-04-06,3,Thursday,N,Y,AM,Late_Night
122,6,2,200,2:00,2023-04-06,3,Thursday,N,Y,AM,Late_Night
123,6,3,50,3:00,2023-04-06,3,Thursday,N,Y,AM,Late_Night
124,6,4,50,4:00,2023-04-06,3,Thursday,N,Y,AM,Late_Night
125,6,5,50,5:00,2023-04-06,3,Thursday,N,Y,AM,Late_Night
126,6,6,100,6:00,2023-04-06,3,Thursday,N,Y,AM,Morning
127,6,7,100,7:00,2023-04-06,3,Thursday,N,Y,AM,Morning
128,6,8,200,8:00,2023-04-06,3,Thursday,N,Y,AM,Morning
129,6,9,200,9:00,2023-04-06,3,Thursday,N,Y,AM,Morning
130,6,10,100,10:00,2023-04-06,3,Thursday,N,Y,AM,Morning
131,6,11,200,11:00,2023-04-06,3,Thursday,N,Y,AM,Morning
132,6,12,50,12:00,2023-04-06,3,Thursday,N,Y,PM,Afternoon
133,6,13,250,13:00,2023-04-06,3,Thursday,N,Y,PM,Afternoon
134,6,14,100,14:00,2023-04-06,3,Thursday,N,Y,PM,Afternoon
135,6,15,150,15:00,2023-04-06,3,Thursday,N,Y,PM,Afternoon
136,6,16,250,16:00,2023-04-06,3,Thursday,N,Y,PM,Afternoon
137,6,17,200,17:00,2023-04-06,3,Thursday,N,Y,PM,Afternoon
138,6,18,400,18:00,2023-04-06,3,Thursday,N,Y,PM,Night
139,6,19,150,19:00,2023-04-06,3,Thursday,N,Y,PM,Night
140,6,20,300,20:00,2023-04-06,3,Thursday,N,Y,PM,Night
141,6,21,100,21:00,2023-04-06,3,Thursday,N,Y,PM,Night
142,6,22,150,22:00,2023-04-06,3,Thursday,N,Y,PM,Night
143,6,23,450,23:00,2023-04-06,3,Thursday,N,Y,PM,Night
144,7,0,50,0:00,2023-04-07,4,Friday,N,N,AM,Late_Night
145,7,1,50,1:00,2023-04-07,4,Friday,N,N,AM,Late_Night
146,7,2,50,2:00,2023-04-07,4,Friday,N,N,AM,Late_Night
147,7,3,50,3:00,2023-04-07,4,Friday,N,N,AM,Late_Night
148,7,4,50,4:00,2023-04-07,4,Friday,N,N,AM,Late_Night
149,7,5,50,5:00,2023-04-07,4,Friday,N,N,AM,Late_Night
150,7,6,100,6:00,2023-04-07,4,Friday,N,N,AM,Morning
151,7,7,100,7:00,2023-04-07,4,Friday,N,N,AM,Morning
152,7,8,100,8:00,2023-04-07,4,Friday,N,N,AM,Morning
153,7,9,400,9:00,2023-04-07,4,Friday,N,N,AM,Morning
154,7,10,200,10:00,2023-04-07,4,Friday,N,N,AM,Morning
155,7,11,200,11:00,2023-04-07,4,Friday,N,N,AM,Morning
156,7,12,200,12:00,2023-04-07,4,Friday,N,N,PM,Afternoon
157,7,13,150,13:00,2023-04-07,4,Friday,N,N,PM,Afternoon
158,7,14,200,14:00,2023-04-07,4,Friday,N,N,PM,Afternoon
159,7,15,300,15:00,2023-04-07,4,Friday,N,N,PM,Afternoon
160,7,16,250,16:00,2023-04-07,4,Friday,N,N,PM,Afternoon
161,7,17,200,17:00,2023-04-07,4,Friday,N,N,PM,Afternoon
162,7,18,300,18:00,2023-04-07,4,Friday,N,N,PM,Night
163,7,19,300,19:00,2023-04-07,4,Friday,N,N,PM,Night
164,7,20,400,20:00,2023-04-07,4,Friday,N,N,PM,Night
165,7,21,150,21:00,2023-04-07,4,Friday,N,N,PM,Night
166,7,22,350,22:00,2023-04-07,4,Friday,N,N,PM,Night
167,7,23,100,23:00,2023-04-07,4,Friday,N,N,PM,Night
168,8,0,50,0:00,2023-04-08,5,Saturday,Y,N,AM,Late_Night
169,8,1,250,1:00,2023-04-08,5,Saturday,Y,N,AM,Late_Night
170,8,2,50,2:00,2023-04-08,5,Saturday,Y,N,AM,Late_Night
171,8,3,50,3:00,2023-04-08,5,Saturday,Y,N,AM,Late_Night
172,8,4,50,4:00,2023-04-08,5,Saturday,Y,N,AM,Late_Night
173,8,5,50,5:00,2023-04-08,5,Saturday,Y,N,AM,Late_Night
174,8,6,50,6:00,2023-04-08,5,Saturday,Y,N,AM,Morning
175,8,7,50,7:00,2023-04-08,5,Saturday,Y,N,AM,Morning
176,8,8,50,8:00,2023-04-08,5,Saturday,Y,N,AM,Morning
177,8,9,150,9:00,2023-04-08,5,Saturday,Y,N,AM,Morning
178,8,10,250,10:00,2023-04-08,5,Saturday,Y,N,AM,Morning
179,8,11,100,11:00,2023-04-08,5,Saturday,Y,N,AM,Morning
180,8,12,150,12:00,2023-04-08,5,Saturday,Y,N,PM,Afternoon
181,8,13,200,13:00,2023-04-08,5,Saturday,Y,N,PM,Afternoon
182,8,14,250,14:00,2023-04-08,5,Saturday,Y,N,PM,Afternoon
183,8,15,250,15:00,2023-04-08,5,Saturday,Y,N,PM,Afternoon
184,8,16,200,16:00,2023-04-08,5,Saturday,Y,N,PM,Afternoon
185,8,17,250,17:00,2023-04-08,5,Saturday,Y,N,PM,Afternoon
186,8,18,350,18:00,2023-04-08,5,Saturday,Y,N,PM,Night
187,8,19,200,19:00,2023-04-08,5,Saturday,Y,N,PM,Night
188,8,20,200,20:00,2023-04-08,5,Saturday,Y,N,PM,Night
189,8,21,150,21:00,2023-04-08,5,Saturday,Y,N,PM,Night
190,8,22,200,22:00,2023-04-08,5,Saturday,Y,N,PM,Night
191,8,23,150,23:00,2023-04-08,5,Saturday,Y,N,PM,Night
192,9,0,200,0:00,2023-04-09,6,Sunday,Y,N,AM,Late_Night
193,9,1,100,1:00,2023-04-09,6,Sunday,Y,N,AM,Late_Night
194,9,2,50,2:00,2023-04-09,6,Sunday,Y,N,AM,Late_Night
195,9,3,50,3:00,2023-04-09,6,Sunday,Y,N,AM,Late_Night
196,9,4,50,4:00,2023-04-09,6,Sunday,Y,N,AM,Late_Night
197,9,5,50,5:00,2023-04-09,6,Sunday,Y,N,AM,Late_Night
198,9,6,50,6:00,2023-04-09,6,Sunday,Y,N,AM,Morning
199,9,7,100,7:00,2023-04-09,6,Sunday,Y,N,AM,Morning
200,9,8,350,8:00,2023-04-09,6,Sunday,Y,N,AM,Morning
201,9,9,150,9:00,2023-04-09,6,Sunday,Y,N,AM,Morning
202,9,10,250,10:00,2023-04-09,6,Sunday,Y,N,AM,Morning
203,9,11,350,11:00,2023-04-09,6,Sunday,Y,N,AM,Morning
204,9,12,350,12:00,2023-04-09,6,Sunday,Y,N,PM,Afternoon
205,9,13,100,13:00,2023-04-09,6,Sunday,Y,N,PM,Afternoon
206,9,14,150,14:00,2023-04-09,6,Sunday,Y,N,PM,Afternoon
207,9,15,350,15:00,2023-04-09,6,Sunday,Y,N,PM,Afternoon
208,9,16,250,16:00,2023-04-09,6,Sunday,Y,N,PM,Afternoon
209,9,17,250,17:00,2023-04-09,6,Sunday,Y,N,PM,Afternoon
210,9,18,350,18:00,2023-04-09,6,Sunday,Y,N,PM,Night
211,9,19,250,19:00,2023-04-09,6,Sunday,Y,N,PM,Night
212,9,20,200,20:00,2023-04-09,6,Sunday,Y,N,PM,Night
213,9,21,100,21:00,2023-04-09,6,Sunday,Y,N,PM,Night
214,9,22,150,22:00,2023-04-09,6,Sunday,Y,N,PM,Night
215,9,23,50,23:00,2023-04-09,6,Sunday,Y,N,PM,Night
216,10,0,50,0:00,2023-04-10,0,Monday,N,N,AM,Late_Night
217,10,1,50,1:00,2023-04-10,0,Monday,N,N,AM,Late_Night
218,10,2,50,2:00,2023-04-10,0,Monday,N,N,AM,Late_Night
219,10,3,50,3:00,2023-04-10,0,Monday,N,N,AM,Late_Night
220,10,4,50,4:00,2023-04-10,0,Monday,N,N,AM,Late_Night
221,10,5,50,5:00,2023-04-10,0,Monday,N,N,AM,Late_Night
222,10,6,50,6:00,2023-04-10,0,Monday,N,N,AM,Morning
223,10,7,100,7:00,2023-04-10,0,Monday,N,N,AM,Morning
224,10,8,150,8:00,2023-04-10,0,Monday,N,N,AM,Morning
225,10,9,150,9:00,2023-04-10,0,Monday,N,N,AM,Morning
226,10,10,350,10:00,2023-04-10,0,Monday,N,N,AM,Morning
227,10,11,300,11:00,2023-04-10,0,Monday,N,N,AM,Morning
228,10,12,300,12:00,2023-04-10,0,Monday,N,N,PM,Afternoon
229,10,13,250,13:00,2023-04-10,0,Monday,N,N,PM,Afternoon
230,10,14,100,14:00,2023-04-10,0,Monday,N,N,PM,Afternoon
231,10,15,150,15:00,2023-04-10,0,Monday,N,N,PM,Afternoon
232,10,16,150,16:00,2023-04-10,0,Monday,N,N,PM,Afternoon
233,10,17,200,17:00,2023-04-10,0,Monday,N,N,PM,Afternoon
234,10,18,300,18:00,2023-04-10,0,Monday,N,N,PM,Night
235,10,19,200,19:00,2023-04-10,0,Monday,N,N,PM,Night
236,10,20,100,20:00,2023-04-10,0,Monday,N,N,PM,Night
237,10,21,100,21:00,2023-04-10,0,Monday,N,N,PM,Night
238,10,22,150,22:00,2023-04-10,0,Monday,N,N,PM,Night
239,10,23,150,23:00,2023-04-10,0,Monday,N,N,PM,Night
240,11,0,50,0:00,2023-04-11,1,Tuesday,N,N,AM,Late_Night
241,11,1,50,1:00,2023-04-11,1,Tuesday,N,N,AM,Late_Night
242,11,2,50,2:00,2023-04-11,1,Tuesday,N,N,AM,Late_Night
243,11,3,50,3:00,2023-04-11,1,Tuesday,N,N,AM,Late_Night
244,11,4,50,4:00,2023-04-11,1,Tuesday,N,N,AM,Late_Night
245,11,5,50,5:00,2023-04-11,1,Tuesday,N,N,AM,Late_Night
246,11,6,50,6:00,2023-04-11,1,Tuesday,N,N,AM,Morning
247,11,7,100,7:00,2023-04-11,1,Tuesday,N,N,AM,Morning
248,11,8,50,8:00,2023-04-11,1,Tuesday,N,N,AM,Morning
249,11,9,150,9:00,2023-04-11,1,Tuesday,N,N,AM,Morning
250,11,10,100,10:00,2023-04-11,1,Tuesday,N,N,AM,Morning
251,11,11,200,11:00,2023-04-11,1,Tuesday,N,N,AM,Morning
252,11,12,150,12:00,2023-04-11,1,Tuesday,N,N,PM,Afternoon
253,11,13,350,13:00,2023-04-11,1,Tuesday,N,N,PM,Afternoon
254,11,14,200,14:00,2023-04-11,1,Tuesday,N,N,PM,Afternoon
255,11,15,100,15:00,2023-04-11,1,Tuesday,N,N,PM,Afternoon
256,11,16,100,16:00,2023-04-11,1,Tuesday,N,N,PM,Afternoon
257,11,17,100,17:00,2023-04-11,1,Tuesday,N,N,PM,Afternoon
258,11,18,150,18:00,2023-04-11,1,Tuesday,N,N,PM,Night
259,11,19,100,19:00,2023-04-11,1,Tuesday,N,N,PM,Night
260,11,20,250,20:00,2023-04-11,1,Tuesday,N,N,PM,Night
261,11,21,100,21:00,2023-04-11,1,Tuesday,N,N,PM,Night
262,11,22,250,22:00,2023-04-11,1,Tuesday,N,N,PM,Night
263,11,23,250,23:00,2023-04-11,1,Tuesday,N,N,PM,Night
264,12,0,100,0:00,2023-04-12,2,Wednesday,N,N,AM,Late_Night
265,12,1,100,1:00,2023-04-12,2,Wednesday,N,N,AM,Late_Night
266,12,2,50,2:00,2023-04-12,2,Wednesday,N,N,AM,Late_Night
267,12,3,0,3:00,2023-04-12,2,Wednesday,N,N,AM,Late_Night
268,12,4,50,4:00,2023-04-12,2,Wednesday,N,N,AM,Late_Night
269,12,5,50,5:00,2023-04-12,2,Wednesday,N,N,AM,Late_Night
270,12,6,50,6:00,2023-04-12,2,Wednesday,N,N,AM,Morning
271,12,7,100,7:00,2023-04-12,2,Wednesday,N,N,AM,Morning
272,12,8,100,8:00,2023-04-12,2,Wednesday,N,N,AM,Morning
273,12,9,350,9:00,2023-04-12,2,Wednesday,N,N,AM,Morning
274,12,10,150,10:00,2023-04-12,2,Wednesday,N,N,AM,Morning
275,12,11,100,11:00,2023-04-12,2,Wednesday,N,N,AM,Morning
276,12,12,300,12:00,2023-04-12,2,Wednesday,N,N,PM,Afternoon
277,12,13,250,13:00,2023-04-12,2,Wednesday,N,N,PM,Afternoon
278,12,14,100,14:00,2023-04-12,2,Wednesday,N,N,PM,Afternoon
279,12,15,150,15:00,2023-04-12,2,Wednesday,N,N,PM,Afternoon
280,12,16,350,16:00,2023-04-12,2,Wednesday,N,N,PM,Afternoon
281,12,17,250,17:00,2023-04-12,2,Wednesday,N,N,PM,Afternoon
282,12,18,200,18:00,2023-04-12,2,Wednesday,N,N,PM,Night
283,12,19,250,19:00,2023-04-12,2,Wednesday,N,N,PM,Night
284,12,20,100,20:00,2023-04-12,2,Wednesday,N,N,PM,Night
285,12,21,300,21:00,2023-04-12,2,Wednesday,N,N,PM,Night
286,12,22,250,22:00,2023-04-12,2,Wednesday,N,N,PM,Night
287,12,23,250,23:00,2023-04-12,2,Wednesday,N,N,PM,Night
288,13,0,100,0:00,2023-04-13,3,Thursday,N,N,AM,Late_Night
289,13,1,100,1:00,2023-04-13,3,Thursday,N,N,AM,Late_Night
290,13,2,50,2:00,2023-04-13,3,Thursday,N,N,AM,Late_Night
291,13,3,50,3:00,2023-04-13,3,Thursday,N,N,AM,Late_Night
292,13,4,50,4:00,2023-04-13,3,Thursday,N,N,AM,Late_Night
293,13,5,50,5:00,2023-04-13,3,Thursday,N,N,AM,Late_Night
294,13,6,250,6:00,2023-04-13,3,Thursday,N,N,AM,Morning
295,13,7,100,7:00,2023-04-13,3,Thursday,N,N,AM,Morning
296,13,8,150,8:00,2023-04-13,3,Thursday,N,N,AM,Morning
297,13,9,100,9:00,2023-04-13,3,Thursday,N,N,AM,Morning
298,13,10,250,10:00,2023-04-13,3,Thursday,N,N,AM,Morning
299,13,11,100,11:00,2023-04-13,3,Thursday,N,N,AM,Morning
300,13,12,100,12:00,2023-04-13,3,Thursday,N,N,PM,Afternoon
301,13,13,200,13:00,2023-04-13,3,Thursday,N,N,PM,Afternoon
302,13,14,150,14:00,2023-04-13,3,Thursday,N,N,PM,Afternoon
303,13,15,150,15:00,2023-04-13,3,Thursday,N,N,PM,Afternoon
304,13,16,200,16:00,2023-04-13,3,Thursday,N,N,PM,Afternoon
305,13,17,150,17:00,2023-04-13,3,Thursday,N,N,PM,Afternoon
306,13,18,200,18:00,2023-04-13,3,Thursday,N,N,PM,Night
307,13,19,200,19:00,2023-04-13,3,Thursday,N,N,PM,Night
308,13,20,150,20:00,2023-04-13,3,Thursday,N,N,PM,Night
309,13,21,250,21:00,2023-04-13,3,Thursday,N,N,PM,Night
310,13,22,250,22:00,2023-04-13,3,Thursday,N,N,PM,Night
311,13,23,50,23:00,2023-04-13,3,Thursday,N,N,PM,Night
312,14,0,150,0:00,2023-04-14,4,Friday,N,Y,AM,Late_Night
313,14,1,250,1:00,2023-04-14,4,Friday,N,Y,AM,Late_Night
314,14,2,50,2:00,2023-04-14,4,Friday,N,Y,AM,Late_Night
315,14,3,100,3:00,2023-04-14,4,Friday,N,Y,AM,Late_Night
316,14,4,50,4:00,2023-04-14,4,Friday,N,Y,AM,Late_Night
317,14,5,50,5:00,2023-04-14,4,Friday,N,Y,AM,Late_Night
318,14,6,50,6:00,2023-04-14,4,Friday,N,Y,AM,Morning
319,14,7,150,7:00,2023-04-14,4,Friday,N,Y,AM,Morning
320,14,8,250,8:00,2023-04-14,4,Friday,N,Y,AM,Morning
321,14,9,200,9:00,2023-04-14,4,Friday,N,Y,AM,Morning
322,14,10,200,10:00,2023-04-14,4,Friday,N,Y,AM,Morning
323,14,11,300,11:00,2023-04-14,4,Friday,N,Y,AM,Morning
324,14,12,150,12:00,2023-04-14,4,Friday,N,Y,PM,Afternoon
325,14,13,300,13:00,2023-04-14,4,Friday,N,Y,PM,Afternoon
326,14,14,250,14:00,2023-04-14,4,Friday,N,Y,PM,Afternoon
327,14,15,200,15:00,2023-04-14,4,Friday,N,Y,PM,Afternoon
328,14,16,350,16:00,2023-04-14,4,Friday,N,Y,PM,Afternoon
329,14,17,200,17:00,2023-04-14,4,Friday,N,Y,PM,Afternoon
330,14,18,250,18:00,2023-04-14,4,Friday,N,Y,PM,Night
331,14,19,300,19:00,2023-04-14,4,Friday,N,Y,PM,Night
332,14,20,250,20:00,2023-04-14,4,Friday,N,Y,PM,Night
333,14,21,350,21:00,2023-04-14,4,Friday,N,Y,PM,Night
334,14,22,50,22:00,2023-04-14,4,Friday,N,Y,PM,Night
335,14,23,100,23:00,2023-04-14,4,Friday,N,Y,PM,Night
336,15,0,100,0:00,2023-04-15,5,Saturday,Y,N,AM,Late_Night
337,15,1,100,1:00,2023-04-15,5,Saturday,Y,N,AM,Late_Night
338,15,2,0,2:00,2023-04-15,5,Saturday,Y,N,AM,Late_Night
339,15,3,50,3:00,2023-04-15,5,Saturday,Y,N,AM,Late_Night
340,15,4,50,4:00,2023-04-15,5,Saturday,Y,N,AM,Late_Night
341,15,5,50,5:00,2023-04-15,5,Saturday,Y,N,AM,Late_Night
342,15,6,50,6:00,2023-04-15,5,Saturday,Y,N,AM,Morning
343,15,7,100,7:00,2023-04-15,5,Saturday,Y,N,AM,Morning
344,15,8,450,8:00,2023-04-15,5,Saturday,Y,N,AM,Morning
345,15,9,250,9:00,2023-04-15,5,Saturday,Y,N,AM,Morning
346,15,10,400,10:00,2023-04-15,5,Saturday,Y,N,AM,Morning
347,15,11,300,11:00,2023-04-15,5,Saturday,Y,N,AM,Morning
348,15,12,150,12:00,2023-04-15,5,Saturday,Y,N,PM,Afternoon
349,15,13,200,13:00,2023-04-15,5,Saturday,Y,N,PM,Afternoon
350,15,14,250,14:00,2023-04-15,5,Saturday,Y,N,PM,Afternoon
351,15,15,150,15:00,2023-04-15,5,Saturday,Y,N,PM,Afternoon
352,15,16,300,16:00,2023-04-15,5,Saturday,Y,N,PM,Afternoon
353,15,17,250,17:00,2023-04-15,5,Saturday,Y,N,PM,Afternoon
354,15,18,200,18:00,2023-04-15,5,Saturday,Y,N,PM,Night
355,15,19,150,19:00,2023-04-15,5,Saturday,Y,N,PM,Night
356,15,20,100,20:00,2023-04-15,5,Saturday,Y,N,PM,Night
357,15,21,150,21:00,2023-04-15,5,Saturday,Y,N,PM,Night
358,15,22,100,22:00,2023-04-15,5,Saturday,Y,N,PM,Night
359,15,23,150,23:00,2023-04-15,5,Saturday,Y,N,PM,Night
360,16,0,50,0:00,2023-04-16,6,Sunday,Y,N,AM,Late_Night
361,16,1,100,1:00,2023-04-16,6,Sunday,Y,N,AM,Late_Night
362,16,2,100,2:00,2023-04-16,6,Sunday,Y,N,AM,Late_Night
363,16,3,100,3:00,2023-04-16,6,Sunday,Y,N,AM,Late_Night
364,16,4,50,4:00,2023-04-16,6,Sunday,Y,N,AM,Late_Night
365,16,5,50,5:00,2023-04-16,6,Sunday,Y,N,AM,Late_Night
366,16,6,50,6:00,2023-04-16,6,Sunday,Y,N,AM,Morning
367,16,7,100,7:00,2023-04-16,6,Sunday,Y,N,AM,Morning
368,16,8,250,8:00,2023-04-16,6,Sunday,Y,N,AM,Morning
369,16,9,150,9:00,2023-04-16,6,Sunday,Y,N,AM,Morning
370,16,10,200,10:00,2023-04-16,6,Sunday,Y,N,AM,Morning
371,16,11,200,11:00,2023-04-16,6,Sunday,Y,N,AM,Morning
372,16,12,250,12:00,2023-04-16,6,Sunday,Y,N,PM,Afternoon
373,16,13,200,13:00,2023-04-16,6,Sunday,Y,N,PM,Afternoon
374,16,14,150,14:00,2023-04-16,6,Sunday,Y,N,PM,Afternoon
375,16,15,300,15:00,2023-04-16,6,Sunday,Y,N,PM,Afternoon
376,16,16,200,16:00,2023-04-16,6,Sunday,Y,N,PM,Afternoon
377,16,17,250,17:00,2023-04-16,6,Sunday,Y,N,PM,Afternoon
378,16,18,300,18:00,2023-04-16,6,Sunday,Y,N,PM,Night
379,16,19,200,19:00,2023-04-16,6,Sunday,Y,N,PM,Night
380,16,20,350,20:00,2023-04-16,6,Sunday,Y,N,PM,Night
381,16,21,200,21:00,2023-04-16,6,Sunday,Y,N,PM,Night
382,16,22,200,22:00,2023-04-16,6,Sunday,Y,N,PM,Night
383,16,23,100,23:00,2023-04-16,6,Sunday,Y,N,PM,Night
384,17,0,150,0:00,2023-04-17,0,Monday,N,N,AM,Late_Night
385,17,1,50,1:00,2023-04-17,0,Monday,N,N,AM,Late_Night
386,17,2,50,2:00,2023-04-17,0,Monday,N,N,AM,Late_Night
387,17,3,50,3:00,2023-04-17,0,Monday,N,N,AM,Late_Night
388,17,4,50,4:00,2023-04-17,0,Monday,N,N,AM,Late_Night
389,17,5,50,5:00,2023-04-17,0,Monday,N,N,AM,Late_Night
390,17,6,100,6:00,2023-04-17,0,Monday,N,N,AM,Morning
391,17,7,250,7:00,2023-04-17,0,Monday,N,N,AM,Morning
392,17,8,50,8:00,2023-04-17,0,Monday,N,N,AM,Morning
393,17,9,200,9:00,2023-04-17,0,Monday,N,N,AM,Morning
394,17,10,150,10:00,2023-04-17,0,Monday,N,N,AM,Morning
395,17,11,150,11:00,2023-04-17,0,Monday,N,N,AM,Morning
396,17,12,100,12:00,2023-04-17,0,Monday,N,N,PM,Afternoon
397,17,13,150,13:00,2023-04-17,0,Monday,N,N,PM,Afternoon
398,17,14,100,14:00,2023-04-17,0,Monday,N,N,PM,Afternoon
399,17,15,100,15:00,2023-04-17,0,Monday,N,N,PM,Afternoon
400,17,16,100,16:00,2023-04-17,0,Monday,N,N,PM,Afternoon
401,17,17,200,17:00,2023-04-17,0,Monday,N,N,PM,Afternoon
402,17,18,150,18:00,2023-04-17,0,Monday,N,N,PM,Night
403,17,19,200,19:00,2023-04-17,0,Monday,N,N,PM,Night
404,17,20,50,20:00,2023-04-17,0,Monday,N,N,PM,Night
405,17,21,250,21:00,2023-04-17,0,Monday,N,N,PM,Night
406,17,22,100,22:00,2023-04-17,0,Monday,N,N,PM,Night
407,17,23,150,23:00,2023-04-17,0,Monday,N,N,PM,Night
408,18,0,150,0:00,2023-04-18,1,Tuesday,N,N,AM,Late_Night
409,18,1,50,1:00,2023-04-18,1,Tuesday,N,N,AM,Late_Night
410,18,2,50,2:00,2023-04-18,1,Tuesday,N,N,AM,Late_Night
411,18,3,0,3:00,2023-04-18,1,Tuesday,N,N,AM,Late_Night
412,18,4,50,4:00,2023-04-18,1,Tuesday,N,N,AM,Late_Night
413,18,5,50,5:00,2023-04-18,1,Tuesday,N,N,AM,Late_Night
414,18,6,100,6:00,2023-04-18,1,Tuesday,N,N,AM,Morning
415,18,7,150,7:00,2023-04-18,1,Tuesday,N,N,AM,Morning
416,18,8,100,8:00,2023-04-18,1,Tuesday,N,N,AM,Morning
417,18,9,100,9:00,2023-04-18,1,Tuesday,N,N,AM,Morning
418,18,10,250,10:00,2023-04-18,1,Tuesday,N,N,AM,Morning
419,18,11,100,11:00,2023-04-18,1,Tuesday,N,N,AM,Morning
420,18,12,150,12:00,2023-04-18,1,Tuesday,N,N,PM,Afternoon
421,18,13,150,13:00,2023-04-18,1,Tuesday,N,N,PM,Afternoon
422,18,14,100,14:00,2023-04-18,1,Tuesday,N,N,PM,Afternoon
423,18,15,150,15:00,2023-04-18,1,Tuesday,N,N,PM,Afternoon
424,18,16,100,16:00,2023-04-18,1,Tuesday,N,N,PM,Afternoon
425,18,17,200,17:00,2023-04-18,1,Tuesday,N,N,PM,Afternoon
426,18,18,150,18:00,2023-04-18,1,Tuesday,N,N,PM,Night
427,18,19,100,19:00,2023-04-18,1,Tuesday,N,N,PM,Night
428,18,20,300,20:00,2023-04-18,1,Tuesday,N,N,PM,Night
429,18,21,100,21:00,2023-04-18,1,Tuesday,N,N,PM,Night
430,18,22,100,22:00,2023-04-18,1,Tuesday,N,N,PM,Night
431,18,23,100,23:00,2023-04-18,1,Tuesday,N,N,PM,Night
432,19,0,50,0:00,2023-04-19,2,Wednesday,N,N,AM,Late_Night
433,19,1,50,1:00,2023-04-19,2,Wednesday,N,N,AM,Late_Night
434,19,2,50,2:00,2023-04-19,2,Wednesday,N,N,AM,Late_Night
435,19,3,50,3:00,2023-04-19,2,Wednesday,N,N,AM,Late_Night
436,19,4,0,4:00,2023-04-19,2,Wednesday,N,N,AM,Late_Night
437,19,5,50,5:00,2023-04-19,2,Wednesday,N,N,AM,Late_Night
438,19,6,50,6:00,2023-04-19,2,Wednesday,N,N,AM,Morning
439,19,7,50,7:00,2023-04-19,2,Wednesday,N,N,AM,Morning
440,19,8,100,8:00,2023-04-19,2,Wednesday,N,N,AM,Morning
441,19,9,100,9:00,2023-04-19,2,Wednesday,N,N,AM,Morning
442,19,10,200,10:00,2023-04-19,2,Wednesday,N,N,AM,Morning
443,19,11,300,11:00,2023-04-19,2,Wednesday,N,N,AM,Morning
444,19,12,50,12:00,2023-04-19,2,Wednesday,N,N,PM,Afternoon
445,19,13,200,13:00,2023-04-19,2,Wednesday,N,N,PM,Afternoon
446,19,14,150,14:00,2023-04-19,2,Wednesday,N,N,PM,Afternoon
447,19,15,300,15:00,2023-04-19,2,Wednesday,N,N,PM,Afternoon
448,19,16,200,16:00,2023-04-19,2,Wednesday,N,N,PM,Afternoon
449,19,17,100,17:00,2023-04-19,2,Wednesday,N,N,PM,Afternoon
450,19,18,150,18:00,2023-04-19,2,Wednesday,N,N,PM,Night
451,19,19,200,19:00,2023-04-19,2,Wednesday,N,N,PM,Night
452,19,20,150,20:00,2023-04-19,2,Wednesday,N,N,PM,Night
453,19,21,100,21:00,2023-04-19,2,Wednesday,N,N,PM,Night
454,19,22,50,22:00,2023-04-19,2,Wednesday,N,N,PM,Night
455,19,23,250,23:00,2023-04-19,2,Wednesday,N,N,PM,Night
456,20,0,250,0:00,2023-04-20,3,Thursday,N,N,AM,Late_Night
457,20,1,50,1:00,2023-04-20,3,Thursday,N,N,AM,Late_Night
458,20,2,50,2:00,2023-04-20,3,Thursday,N,N,AM,Late_Night
459,20,3,100,3:00,2023-04-20,3,Thursday,N,N,AM,Late_Night
460,20,4,0,4:00,2023-04-20,3,Thursday,N,N,AM,Late_Night
461,20,5,50,5:00,2023-04-20,3,Thursday,N,N,AM,Late_Night
462,20,6,100,6:00,2023-04-20,3,Thursday,N,N,AM,Morning
463,20,7,100,7:00,2023-04-20,3,Thursday,N,N,AM,Morning
464,20,8,250,8:00,2023-04-20,3,Thursday,N,N,AM,Morning
465,20,9,150,9:00,2023-04-20,3,Thursday,N,N,AM,Morning
466,20,10,250,10:00,2023-04-20,3,Thursday,N,N,AM,Morning
467,20,11,300,11:00,2023-04-20,3,Thursday,N,N,AM,Morning
468,20,12,200,12:00,2023-04-20,3,Thursday,N,N,PM,Afternoon
469,20,13,150,13:00,2023-04-20,3,Thursday,N,N,PM,Afternoon
470,20,14,100,14:00,2023-04-20,3,Thursday,N,N,PM,Afternoon
471,20,15,150,15:00,2023-04-20,3,Thursday,N,N,PM,Afternoon
472,20,16,200,16:00,2023-04-20,3,Thursday,N,N,PM,Afternoon
473,20,17,400,17:00,2023-04-20,3,Thursday,N,N,PM,Afternoon
474,20,18,200,18:00,2023-04-20,3,Thursday,N,N,PM,Night
475,20,19,200,19:00,2023-04-20,3,Thursday,N,N,PM,Night
476,20,20,200,20:00,2023-04-20,3,Thursday,N,N,PM,Night
477,20,21,200,21:00,2023-04-20,3,Thursday,N,N,PM,Night
478,20,22,250,22:00,2023-04-20,3,Thursday,N,N,PM,Night
479,20,23,150,23:00,2023-04-20,3,Thursday,N,N,PM,Night
480,21,0,150,0:00,2023-04-21,4,Friday,N,N,AM,Late_Night
481,21,1,50,1:00,2023-04-21,4,Friday,N,N,AM,Late_Night
482,21,2,50,2:00,2023-04-21,4,Friday,N,N,AM,Late_Night
483,21,3,50,3:00,2023-04-21,4,Friday,N,N,AM,Late_Night
484,21,4,50,4:00,2023-04-21,4,Friday,N,N,AM,Late_Night
485,21,5,100,5:00,2023-04-21,4,Friday,N,N,AM,Late_Night
486,21,6,50,6:00,2023-04-21,4,Friday,N,N,AM,Morning
487,21,7,150,7:00,2023-04-21,4,Friday,N,N,AM,Morning
488,21,8,100,8:00,2023-04-21,4,Friday,N,N,AM,Morning
489,21,9,200,9:00,2023-04-21,4,Friday,N,N,AM,Morning
490,21,10,200,10:00,2023-04-21,4,Friday,N,N,AM,Morning
491,21,11,100,11:00,2023-04-21,4,Friday,N,N,AM,Morning
492,21,12,300,12:00,2023-04-21,4,Friday,N,N,PM,Afternoon
493,21,13,200,13:00,2023-04-21,4,Friday,N,N,PM,Afternoon
494,21,14,50,14:00,2023-04-21,4,Friday,N,N,PM,Afternoon
495,21,15,50,15:00,2023-04-21,4,Friday,N,N,PM,Afternoon
496,21,16,200,16:00,2023-04-21,4,Friday,N,N,PM,Afternoon
497,21,17,450,17:00,2023-04-21,4,Friday,N,N,PM,Afternoon
498,21,18,300,18:00,2023-04-21,4,Friday,N,N,PM,Night
499,21,19,350,19:00,2023-04-21,4,Friday,N,N,PM,Night
500,21,20,250,20:00,2023-04-21,4,Friday,N,N,PM,Night
501,21,21,200,21:00,2023-04-21,4,Friday,N,N,PM,Night
502,21,22,350,22:00,2023-04-21,4,Friday,N,N,PM,Night
503,21,23,100,23:00,2023-04-21,4,Friday,N,N,PM,Night
504,22,0,50,0:00,2023-04-22,5,Saturday,Y,Y,AM,Late_Night
505,22,1,50,1:00,2023-04-22,5,Saturday,Y,Y,AM,Late_Night
506,22,2,50,2:00,2023-04-22,5,Saturday,Y,Y,AM,Late_Night
507,22,3,350,3:00,2023-04-22,5,Saturday,Y,Y,AM,Late_Night
508,22,4,100,4:00,2023-04-22,5,Saturday,Y,Y,AM,Late_Night
509,22,5,0,5:00,2023-04-22,5,Saturday,Y,Y,AM,Late_Night
510,22,6,100,6:00,2023-04-22,5,Saturday,Y,Y,AM,Morning
511,22,7,150,7:00,2023-04-22,5,Saturday,Y,Y,AM,Morning
512,22,8,300,8:00,2023-04-22,5,Saturday,Y,Y,AM,Morning
513,22,9,100,9:00,2023-04-22,5,Saturday,Y,Y,AM,Morning
514,22,10,250,10:00,2023-04-22,5,Saturday,Y,Y,AM,Morning
515,22,11,250,11:00,2023-04-22,5,Saturday,Y,Y,AM,Morning
516,22,12,200,12:00,2023-04-22,5,Saturday,Y,Y,PM,Afternoon
517,22,13,250,13:00,2023-04-22,5,Saturday,Y,Y,PM,Afternoon
518,22,14,350,14:00,2023-04-22,5,Saturday,Y,Y,PM,Afternoon
519,22,15,50,15:00,2023-04-22,5,Saturday,Y,Y,PM,Afternoon
520,22,16,250,16:00,2023-04-22,5,Saturday,Y,Y,PM,Afternoon
521,22,17,200,17:00,2023-04-22,5,Saturday,Y,Y,PM,Afternoon
522,22,18,200,18:00,2023-04-22,5,Saturday,Y,Y,PM,Night
523,22,19,200,19:00,2023-04-22,5,Saturday,Y,Y,PM,Night
524,22,20,300,20:00,2023-04-22,5,Saturday,Y,Y,PM,Night
525,22,21,100,21:00,2023-04-22,5,Saturday,Y,Y,PM,Night
526,22,22,150,22:00,2023-04-22,5,Saturday,Y,Y,PM,Night
527,22,23,100,23:00,2023-04-22,5,Saturday,Y,Y,PM,Night
528,23,0,50,0:00,2023-04-23,6,Sunday,Y,N,AM,Late_Night
529,23,1,50,1:00,2023-04-23,6,Sunday,Y,N,AM,Late_Night
530,23,2,50,2:00,2023-04-23,6,Sunday,Y,N,AM,Late_Night
531,23,3,50,3:00,2023-04-23,6,Sunday,Y,N,AM,Late_Night
532,23,4,50,4:00,2023-04-23,6,Sunday,Y,N,AM,Late_Night
533,23,5,50,5:00,2023-04-23,6,Sunday,Y,N,AM,Late_Night
534,23,6,50,6:00,2023-04-23,6,Sunday,Y,N,AM,Morning
535,23,7,100,7:00,2023-04-23,6,Sunday,Y,N,AM,Morning
536,23,8,100,8:00,2023-04-23,6,Sunday,Y,N,AM,Morning
537,23,9,150,9:00,2023-04-23,6,Sunday,Y,N,AM,Morning
538,23,10,200,10:00,2023-04-23,6,Sunday,Y,N,AM,Morning
539,23,11,200,11:00,2023-04-23,6,Sunday,Y,N,AM,Morning
540,23,12,300,12:00,2023-04-23,6,Sunday,Y,N,PM,Afternoon
541,23,13,200,13:00,2023-04-23,6,Sunday,Y,N,PM,Afternoon
542,23,14,200,14:00,2023-04-23,6,Sunday,Y,N,PM,Afternoon
543,23,15,300,15:00,2023-04-23,6,Sunday,Y,N,PM,Afternoon
544,23,16,350,16:00,2023-04-23,6,Sunday,Y,N,PM,Afternoon
545,23,17,400,17:00,2023-04-23,6,Sunday,Y,N,PM,Afternoon
546,23,18,450,18:00,2023-04-23,6,Sunday,Y,N,PM,Night
547,23,19,250,19:00,2023-04-23,6,Sunday,Y,N,PM,Night
548,23,20,250,20:00,2023-04-23,6,Sunday,Y,N,PM,Night
549,23,21,100,21:00,2023-04-23,6,Sunday,Y,N,PM,Night
550,23,22,100,22:00,2023-04-23,6,Sunday,Y,N,PM,Night
551,23,23,150,23:00,2023-04-23,6,Sunday,Y,N,PM,Night
552,24,0,200,0:00,2023-04-24,0,Monday,N,N,AM,Late_Night
553,24,1,50,1:00,2023-04-24,0,Monday,N,N,AM,Late_Night
554,24,2,50,2:00,2023-04-24,0,Monday,N,N,AM,Late_Night
555,24,3,50,3:00,2023-04-24,0,Monday,N,N,AM,Late_Night
556,24,4,100,4:00,2023-04-24,0,Monday,N,N,AM,Late_Night
557,24,5,50,5:00,2023-04-24,0,Monday,N,N,AM,Late_Night
558,24,6,250,6:00,2023-04-24,0,Monday,N,N,AM,Morning
559,24,7,200,7:00,2023-04-24,0,Monday,N,N,AM,Morning
560,24,8,300,8:00,2023-04-24,0,Monday,N,N,AM,Morning
561,24,9,200,9:00,2023-04-24,0,Monday,N,N,AM,Morning
562,24,10,100,10:00,2023-04-24,0,Monday,N,N,AM,Morning
563,24,11,200,11:00,2023-04-24,0,Monday,N,N,AM,Morning
564,24,12,200,12:00,2023-04-24,0,Monday,N,N,PM,Afternoon
565,24,13,200,13:00,2023-04-24,0,Monday,N,N,PM,Afternoon
566,24,14,100,14:00,2023-04-24,0,Monday,N,N,PM,Afternoon
567,24,15,200,15:00,2023-04-24,0,Monday,N,N,PM,Afternoon
568,24,16,200,16:00,2023-04-24,0,Monday,N,N,PM,Afternoon
569,24,17,300,17:00,2023-04-24,0,Monday,N,N,PM,Afternoon
570,24,18,200,18:00,2023-04-24,0,Monday,N,N,PM,Night
571,24,19,100,19:00,2023-04-24,0,Monday,N,N,PM,Night
572,24,20,150,20:00,2023-04-24,0,Monday,N,N,PM,Night
573,24,21,150,21:00,2023-04-24,0,Monday,N,N,PM,Night
574,24,22,200,22:00,2023-04-24,0,Monday,N,N,PM,Night
575,24,23,100,23:00,2023-04-24,0,Monday,N,N,PM,Night
576,25,0,100,0:00,2023-04-25,1,Tuesday,N,N,AM,Late_Night
577,25,1,150,1:00,2023-04-25,1,Tuesday,N,N,AM,Late_Night
578,25,2,50,2:00,2023-04-25,1,Tuesday,N,N,AM,Late_Night
579,25,3,100,3:00,2023-04-25,1,Tuesday,N,N,AM,Late_Night
580,25,4,50,4:00,2023-04-25,1,Tuesday,N,N,AM,Late_Night
581,25,5,50,5:00,2023-04-25,1,Tuesday,N,N,AM,Late_Night
582,25,6,50,6:00,2023-04-25,1,Tuesday,N,N,AM,Morning
583,25,7,100,7:00,2023-04-25,1,Tuesday,N,N,AM,Morning
584,25,8,100,8:00,2023-04-25,1,Tuesday,N,N,AM,Morning
585,25,9,100,9:00,2023-04-25,1,Tuesday,N,N,AM,Morning
586,25,10,150,10:00,2023-04-25,1,Tuesday,N,N,AM,Morning
587,25,11,200,11:00,2023-04-25,1,Tuesday,N,N,AM,Morning
588,25,12,150,12:00,2023-04-25,1,Tuesday,N,N,PM,Afternoon
589,25,13,50,13:00,2023-04-25,1,Tuesday,N,N,PM,Afternoon
590,25,14,150,14:00,2023-04-25,1,Tuesday,N,N,PM,Afternoon
591,25,15,100,15:00,2023-04-25,1,Tuesday,N,N,PM,Afternoon
592,25,16,100,16:00,2023-04-25,1,Tuesday,N,N,PM,Afternoon
593,25,17,150,17:00,2023-04-25,1,Tuesday,N,N,PM,Afternoon
594,25,18,150,18:00,2023-04-25,1,Tuesday,N,N,PM,Night
595,25,19,150,19:00,2023-04-25,1,Tuesday,N,N,PM,Night
596,25,20,150,20:00,2023-04-25,1,Tuesday,N,N,PM,Night
597,25,21,250,21:00,2023-04-25,1,Tuesday,N,N,PM,Night
598,25,22,250,22:00,2023-04-25,1,Tuesday,N,N,PM,Night
599,25,23,150,23:00,2023-04-25,1,Tuesday,N,N,PM,Night
600,26,0,50,0:00,2023-04-26,2,Wednesday,N,N,AM,Late_Night
601,26,1,100,1:00,2023-04-26,2,Wednesday,N,N,AM,Late_Night
602,26,2,50,2:00,2023-04-26,2,Wednesday,N,N,AM,Late_Night
603,26,3,50,3:00,2023-04-26,2,Wednesday,N,N,AM,Late_Night
604,26,4,50,4:00,2023-04-26,2,Wednesday,N,N,AM,Late_Night
605,26,5,50,5:00,2023-04-26,2,Wednesday,N,N,AM,Late_Night
606,26,6,150,6:00,2023-04-26,2,Wednesday,N,N,AM,Morning
607,26,7,50,7:00,2023-04-26,2,Wednesday,N,N,AM,Morning
608,26,8,100,8:00,2023-04-26,2,Wednesday,N,N,AM,Morning
609,26,9,100,9:00,2023-04-26,2,Wednesday,N,N,AM,Morning
610,26,10,100,10:00,2023-04-26,2,Wednesday,N,N,AM,Morning
611,26,11,400,11:00,2023-04-26,2,Wednesday,N,N,AM,Morning
612,26,12,250,12:00,2023-04-26,2,Wednesday,N,N,PM,Afternoon
613,26,13,150,13:00,2023-04-26,2,Wednesday,N,N,PM,Afternoon
614,26,14,200,14:00,2023-04-26,2,Wednesday,N,N,PM,Afternoon
615,26,15,150,15:00,2023-04-26,2,Wednesday,N,N,PM,Afternoon
616,26,16,200,16:00,2023-04-26,2,Wednesday,N,N,PM,Afternoon
617,26,17,500,17:00,2023-04-26,2,Wednesday,N,N,PM,Afternoon
618,26,18,150,18:00,2023-04-26,2,Wednesday,N,N,PM,Night
619,26,19,200,19:00,2023-04-26,2,Wednesday,N,N,PM,Night
620,26,20,100,20:00,2023-04-26,2,Wednesday,N,N,PM,Night
621,26,21,250,21:00,2023-04-26,2,Wednesday,N,N,PM,Night
622,26,22,250,22:00,2023-04-26,2,Wednesday,N,N,PM,Night
623,26,23,100,23:00,2023-04-26,2,Wednesday,N,N,PM,Night
624,27,0,50,0:00,2023-04-27,3,Thursday,N,N,AM,Late_Night
625,27,1,250,1:00,2023-04-27,3,Thursday,N,N,AM,Late_Night
626,27,2,50,2:00,2023-04-27,3,Thursday,N,N,AM,Late_Night
627,27,3,50,3:00,2023-04-27,3,Thursday,N,N,AM,Late_Night
628,27,4,50,4:00,2023-04-27,3,Thursday,N,N,AM,Late_Night
629,27,5,50,5:00,2023-04-27,3,Thursday,N,N,AM,Late_Night
630,27,6,50,6:00,2023-04-27,3,Thursday,N,N,AM,Morning
631,27,7,100,7:00,2023-04-27,3,Thursday,N,N,AM,Morning
632,27,8,200,8:00,2023-04-27,3,Thursday,N,N,AM,Morning
633,27,9,250,9:00,2023-04-27,3,Thursday,N,N,AM,Morning
634,27,10,100,10:00,2023-04-27,3,Thursday,N,N,AM,Morning
635,27,11,200,11:00,2023-04-27,3,Thursday,N,N,AM,Morning
636,27,12,250,12:00,2023-04-27,3,Thursday,N,N,PM,Afternoon
637,27,13,200,13:00,2023-04-27,3,Thursday,N,N,PM,Afternoon
638,27,14,250,14:00,2023-04-27,3,Thursday,N,N,PM,Afternoon
639,27,15,250,15:00,2023-04-27,3,Thursday,N,N,PM,Afternoon
640,27,16,100,16:00,2023-04-27,3,Thursday,N,N,PM,Afternoon
641,27,17,100,17:00,2023-04-27,3,Thursday,N,N,PM,Afternoon
642,27,18,150,18:00,2023-04-27,3,Thursday,N,N,PM,Night
643,27,19,100,19:00,2023-04-27,3,Thursday,N,N,PM,Night
644,27,20,350,20:00,2023-04-27,3,Thursday,N,N,PM,Night
645,27,21,100,21:00,2023-04-27,3,Thursday,N,N,PM,Night
646,27,22,100,22:00,2023-04-27,3,Thursday,N,N,PM,Night
647,27,23,150,23:00,2023-04-27,3,Thursday,N,N,PM,Night
648,28,0,0,0:00,2023-04-28,4,Friday,N,N,AM,Late_Night
649,28,1,100,1:00,2023-04-28,4,Friday,N,N,AM,Late_Night
650,28,2,50,2:00,2023-04-28,4,Friday,N,N,AM,Late_Night
651,28,3,50,3:00,2023-04-28,4,Friday,N,N,AM,Late_Night
652,28,4,50,4:00,2023-04-28,4,Friday,N,N,AM,Late_Night
653,28,5,50,5:00,2023-04-28,4,Friday,N,N,AM,Late_Night
654,28,6,100,6:00,2023-04-28,4,Friday,N,N,AM,Morning
655,28,7,150,7:00,2023-04-28,4,Friday,N,N,AM,Morning
656,28,8,150,8:00,2023-04-28,4,Friday,N,N,AM,Morning
657,28,9,100,9:00,2023-04-28,4,Friday,N,N,AM,Morning
658,28,10,100,10:00,2023-04-28,4,Friday,N,N,AM,Morning
659,28,11,200,11:00,2023-04-28,4,Friday,N,N,AM,Morning
660,28,12,400,12:00,2023-04-28,4,Friday,N,N,PM,Afternoon
661,28,13,200,13:00,2023-04-28,4,Friday,N,N,PM,Afternoon
662,28,14,200,14:00,2023-04-28,4,Friday,N,N,PM,Afternoon
663,28,15,150,15:00,2023-04-28,4,Friday,N,N,PM,Afternoon
664,28,16,300,16:00,2023-04-28,4,Friday,N,N,PM,Afternoon
665,28,17,300,17:00,2023-04-28,4,Friday,N,N,PM,Afternoon
666,28,18,300,18:00,2023-04-28,4,Friday,N,N,PM,Night
667,28,19,300,19:00,2023-04-28,4,Friday,N,N,PM,Night
668,28,20,400,20:00,2023-04-28,4,Friday,N,N,PM,Night
669,28,21,300,21:00,2023-04-28,4,Friday,N,N,PM,Night
670,28,22,100,22:00,2023-04-28,4,Friday,N,N,PM,Night
671,28,23,200,23:00,2023-04-28,4,Friday,N,N,PM,Night
672,29,0,100,0:00,2023-04-29,5,Saturday,Y,Y,AM,Late_Night
673,29,1,150,1:00,2023-04-29,5,Saturday,Y,Y,AM,Late_Night
674,29,2,50,2:00,2023-04-29,5,Saturday,Y,Y,AM,Late_Night
675,29,3,300,3:00,2023-04-29,5,Saturday,Y,Y,AM,Late_Night
676,29,4,50,4:00,2023-04-29,5,Saturday,Y,Y,AM,Late_Night
677,29,5,50,5:00,2023-04-29,5,Saturday,Y,Y,AM,Late_Night
678,29,6,50,6:00,2023-04-29,5,Saturday,Y,Y,AM,Morning
679,29,7,100,7:00,2023-04-29,5,Saturday,Y,Y,AM,Morning
680,29,8,150,8:00,2023-04-29,5,Saturday,Y,Y,AM,Morning
681,29,9,200,9:00,2023-04-29,5,Saturday,Y,Y,AM,Morning
682,29,10,300,10:00,2023-04-29,5,Saturday,Y,Y,AM,Morning
683,29,11,500,11:00,2023-04-29,5,Saturday,Y,Y,AM,Morning
684,29,12,200,12:00,2023-04-29,5,Saturday,Y,Y,PM,Afternoon
685,29,13,200,13:00,2023-04-29,5,Saturday,Y,Y,PM,Afternoon
686,29,14,150,14:00,2023-04-29,5,Saturday,Y,Y,PM,Afternoon
687,29,15,250,15:00,2023-04-29,5,Saturday,Y,Y,PM,Afternoon
688,29,16,250,16:00,2023-04-29,5,Saturday,Y,Y,PM,Afternoon
689,29,17,200,17:00,2023-04-29,5,Saturday,Y,Y,PM,Afternoon
690,29,18,100,18:00,2023-04-29,5,Saturday,Y,Y,PM,Night
691,29,19,200,19:00,2023-04-29,5,Saturday,Y,Y,PM,Night
692,29,20,150,20:00,2023-04-29,5,Saturday,Y,Y,PM,Night
693,29,21,200,21:00,2023-04-29,5,Saturday,Y,Y,PM,Night
694,29,22,250,22:00,2023-04-29,5,Saturday,Y,Y,PM,Night
695,29,23,200,23:00,2023-04-29,5,Saturday,Y,Y,PM,Night
696,30,0,200,0:00,2023-04-30,6,Sunday,Y,N,AM,Late_Night
697,30,1,50,1:00,2023-04-30,6,Sunday,Y,N,AM,Late_Night
698,30,2,50,2:00,2023-04-30,6,Sunday,Y,N,AM,Late_Night
699,30,3,100,3:00,2023-04-30,6,Sunday,Y,N,AM,Late_Night
700,30,4,50,4:00,2023-04-30,6,Sunday,Y,N,AM,Late_Night
701,30,5,50,5:00,2023-04-30,6,Sunday,Y,N,AM,Late_Night
702,30,6,100,6:00,2023-04-30,6,Sunday,Y,N,AM,Morning
703,30,7,250,7:00,2023-04-30,6,Sunday,Y,N,AM,Morning
704,30,8,250,8:00,2023-04-30,6,Sunday,Y,N,AM,Morning
705,30,9,250,9:00,2023-04-30,6,Sunday,Y,N,AM,Morning
706,30,10,200,10:00,2023-04-30,6,Sunday,Y,N,AM,Morning
707,30,11,250,11:00,2023-04-30,6,Sunday,Y,N,AM,Morning
708,30,12,300,12:00,2023-04-30,6,Sunday,Y,N,PM,Afternoon
709,30,13,200,13:00,2023-04-30,6,Sunday,Y,N,PM,Afternoon
710,30,14,300,14:00,2023-04-30,6,Sunday,Y,N,PM,Afternoon
711,30,15,150,15:00,2023-04-30,6,Sunday,Y,N,PM,Afternoon
712,30,16,200,16:00,2023-04-30,6,Sunday,Y,N,PM,Afternoon
713,30,17,200,17:00,2023-04-30,6,Sunday,Y,N,PM,Afternoon
714,30,18,150,18:00,2023-04-30,6,Sunday,Y,N,PM,Night
715,30,19,200,19:00,2023-04-30,6,Sunday,Y,N,PM,Night
716,30,20,200,20:00,2023-04-30,6,Sunday,Y,N,PM,Night
717,30,21,150,21:00,2023-04-30,6,Sunday,Y,N,PM,Night
718,30,22,150,22:00,2023-04-30,6,Sunday,Y,N,PM,Night
719,30,23,150,23:00,2023-04-30,6,Sunday,Y,N,PM,Night
